ja,en
さあ、今から はい、皆さんこんにちは。,"Now, hello everyone."
日本語教師の春です。,"I'm Haru, a Japanese teacher."
今私は 京都駅にいます。,I am at Kyoto Station now.
そうだね。,I agree.
ちょっと さっきまで雨が降っていました。,It was raining a little while ago.
床が濡れ,The floor is wet
ています。,It is.
そう、今日は実はちょっと特別 なことをしたいと思います。,"Well, actually, I want to do something a little special today."
えー、今日私は京都から大阪まで行きます 。,"Well, today I'm going from Kyoto to Osaka."
でも電車で行きません。,But I won't be going by train.
新幹線で行きません。,I'm not going by Shinkansen.
今日は歩いて、歩いて京都から大阪まで行きたいと思います。,Today I would like to walk from Kyoto to Osaka.
はい。,yes.
楽しみだね。,I'm looking forward to it.
今は雨が降っていないから良かったです。,Good thing it's not raining right now.
さあ、でも雨が降るかもしれません。,"Well, it might rain."
うん。,Yeah.
どのぐらいかかりますか? 分かりません。,How long will it take? I don't know.
はい。,yes.
ちょっと初めてします。,This is my first time doing this.
はい。,yes.
だから、え 、今この動画を撮ってできるだけ早く編集 してはい、アップロードしたいと思います 。,"So, I'm going to film this video now, edit it as soon as possible, and then upload it."
さあ、,"here we go,"
見えますか?今京都駅ですね。,Can you see it? We're at Kyoto Station now.
京都駅。,Kyoto Station.
ここから京都タワーも見えますよ。,You can also see Kyoto Tower from here.
ほら、 ちょっと今曇りですね。,"Look, it's a little cloudy right now."
はい。,yes.
さあ、では皆さん、今から歩いて大阪まで 行きましょう。,"Now, everyone, let's walk to Osaka."
ちょっとまず、えっと、 京都からあの鴨川のエリアまで行って、で 、そこから南に行きたいと思います。,"First, I'd like to go from Kyoto to the Kamogawa area and then head south from there."
はい 。,yes .
いや、ちょっと まだ朝ご飯を食べていないので、あの、 まず朝ご飯を食べたいと思います。,"Well, I haven't had breakfast yet, so I'd like to eat breakfast first."
コンビニかな。,Maybe a convenience store.
ちょっとちょっと、ま、 歩き始めたいと思います。,I'd like to start walking for a bit.
では皆さん行き ましょう。,"Well then, let's go everyone."
もうどんなアドベンチャーに なるか分かりませんよ、本当に。,"You never know what kind of adventure it will be, really."
でも めっちゃ楽しみです。,But I'm really looking forward to it.
はい、じゃあ行き ましょう。,"Yes, let's go then."
今京都駅を出ます。,I'm leaving Kyoto Station now.
はい。,yes.
では 行きましょうか。,"Well, shall we go?"
さあ、まあせっかく せっかく,"Well, well, well, well, well, well"
あのね、歩いて行くので ね、ちょっとま、有名なエリアも行きたい ですね。,"Well, since we'll be walking, I'd like to go to some of the more famous areas."
ちょっと今から、ま、京都駅から 歩いて、ま、人気の通りまで今歩いていき ます。,I'm going to walk from Kyoto Station to a popular street.
で、え、そこを通って、あの、鴨川 まで、え、行って、鴨川から南、南まで 行きたいと思います。,"So, I'd like to go through there, um, to Kamogawa River, and then go south from Kamogawa River."
お腹空いた。,I'm hungry.
今冬なんですけど。,It's this winter.
そう、朝ちょっと寒かったけど、あの、 昨日ホテルに泊まって、ホテルから 京都駅まで 10分ぐらい歩いたんですけど、 暑い。,"Yes, it was a little cold this morning, but I stayed in a hotel yesterday and walked about 10 minutes from the hotel to Kyoto Station, and it was hot."
もう暑くなってますね。,It's getting hot already.
いや、ジャケット が 必要じゃなかったかもしれません。,Maybe I didn't need a jacket.
はい。,yes.
さあ、じゃあ今からちょっと人気の有名な通りまで行きましょう。,"Now, let's go to a famous street that's a little popular."
ませ、,"No,"
1 はい、1人です。,"1 Yes, there is one person."
お願いします。,please.
はい。,yes.
はい。,yes.
今スき屋に来ました。,I just came to a sukiyaki restaurant.
もう暑い。,It's already hot.
もう今ジャケット脱ぎましたよ。,I've already taken off my jacket.
お来ました。,I'm here.
ありがとうございます。,thank you.
最高の朝ご飯ですよ。,It's the best breakfast ever.
ご飯と鮭ケと卵とおクと牛肉と味噌汁ですね。,"It's rice, salmon, eggs, okonomiyaki, beef, and miso soup."
お腹が空いたので楽しんで食べます。,I'm hungry so I'll enjoy eating.
いただきます。,I'll enjoy having this.
うん。,Yeah.
おすめですよ。,I recommend it.
朝ごは。,Breakfast.
日本のスタイルの朝ご飯食べれますからね。,You can have a Japanese style breakfast.
よし、じゃあここで食べてまた歩きたいと思います。,"Okay, so I'll eat here and walk again."
また今雨が降ってきましたよ。,It's raining again now.
はい。,yes.
あの,that
、あ、今はちょっと 雨が止んだ。,"Ah, the rain has stopped for a bit now."
いや、美味しかったね。,"No, it was delicious."
あの、やっぱり朝ご飯をたくさん食べると 元気が出ますね。,"Well, eating a big breakfast definitely gives you energy."
うん。,Yeah.
さあ、皆さん今 着きましたよ。,"Well, everyone has just arrived."
ここ鴨川です。,This is Kamogawa River.
そう、このエリア、ここから南にずっと 歩いて 行きたいと思います。,"Yes, I would like to walk all the way south from here in this area."
綺麗ですよね、この エリア。,"It's beautiful, this area."
私も京都の中で大好きなエリアの1つです 。,It's one of my favorite areas in Kyoto.
さあ、ちょっと傘を差しながら 動画を撮るのが難しいからもっと晴れると いいんですけどね。,"Well, it's a bit difficult to shoot video while holding an umbrella, so I hope it's sunny."
天気だからしょうがない。,It can't be helped because of the weather.
ま、でもここは本当にみんな有名な場所だ からみんな,"Well, this is a really famous place, so everyone"
あの京都に来たことがある人はね、通った こともあると思いますけど今からまもう 本当に 誰も行かないような場所にも行くのでうん 。,"Those of you who have been to Kyoto may have passed through there, but we're going to go to places that no one really goes to, so yeah."
楽しみにしていてくださいね。,Please look forward to it.
はい。,yes.
さあ、橋を渡りました。,"Now, we crossed the bridge."
うん。,Yeah.
今から 南へ向かいたいと思います。,I want to head south now.
ここを見て まっすぐまっすぐ行くと、え、有名なお寺 がたくさんあります。,"If you look at this and go straight, you'll see that there are many famous temples."
でも今日はね、観光 地には行きませんからね。,"But today, we won't be going to any tourist spots."
はい。,yes.
今は京都 のね、七場駅の前にいます。,I'm currently in front of Nanaba Station in Kyoto.
七場駅の入口 にいます。,It is located at the entrance to Nanaba Station.
さあ、ここから歩いて南へ行き ますよ。,"Now, let's walk south from here."
さあ、今信号待ってます。,"Now, I'm waiting for the signal."
では 行きましょうか。,"Well, shall we go?"
まだ大丈夫です。,It's still okay.
まだ 疲れてません。,I'm not tired yet.
はい。,yes.
今ね、15分ぐらい 歩いて、えっと、川、鴨川から少し左に,"Now, about 15 minutes walk, um, a little to the left of the river, Kamogawa."
曲がってなんか住宅街みたいな ところに 来ましたよ。,I turned a corner and came to what seemed like a residential area.
まだ大丈夫。,It's still okay.
まだ大丈夫。,It's still okay.
そう。,yes.
いや、でもなんか靴が あのランニングシューズで来たんですよ。,"No, but the shoes I was wearing were those running shoes."
はい。,yes.
でも そう、なんか雨が降っていたからその 道路が濡れていて水溜まりとかがあって ちょっともう濡れてます。,"But yes, it had been raining so the road was wet and there were puddles and things, so it was a little wet."
やばい やばいやばい。,"Bad, bad, bad."
いや、でも本当に15分 あの歩いただけでめっちゃ静かになります よ。,"No, but seriously, just walking there for 15 minutes makes it really quiet."
ほら、 誰もいない。,"See, there's no one here."
誰もいないけど、ここもあの京都ですから ね。,"There's no one here, but this is Kyoto after all."
,#VALUE!
そう。,yes.
あの、皆さんがあの本当に京都の もう本当街の中の近くです。,"Well, as you all know, it's really close to the center of Kyoto."
誰もいませんね。,There's no one here.
そう。,yes.
まあでもね、あの 来ませんよね。,"Well, well, he's not coming, is he?"
京都はあの見るところが たくさんあるからね。,There's a lot to see in Kyoto.
はい。,yes.
いや、いいですね。,"No, that's good."
あ、こんなところにもホステルがあります ね。,"Ah, there's a hostel here too."
綺麗なホステル。,Beautiful hostel.
いやあ、まだ楽しい。,"Oh well, it's still fun."
皆さん、今からも 歩きますよ。,"Everyone, let's start walking now."
はい。,yes.
はい。,yes.
今[音楽]、あの、南に歩いて行っ,"Now [music], um, walk south."
たら、あの、東福寺という、え、駅、ま、 有名なお寺があります。,"So, there's a famous temple called Tofukuji, right near the station."
はい。,yes.
そこまで来 ましたね。,We've come this far.
いや、思ったより近かったです 。,"Well, it was closer than I thought."
なんかいつもここまで電車で来ていた けど うん。,"I always used to come here by train, but yeah."
天気が良かったら歩いた方がいい ですよ。,"If the weather is nice, you should walk."
気持ちがいいですと思いました。,I thought it felt good.
はい。,yes.
と、今日はもっと歩きますよ。,"So, I'll walk more today."
多分ね、 東福寺には 行きません。,I probably won't go to Tofukuji Temple.
でももう少し南まで行ったら あの、あの節身なり、あの有名な鳥の節身 稲なりがあるので、そこはちょっとあの 見せたいなと思います。,"But if you go a little further south, you'll find that famous rice joint, the rice bird joint, so I'd like to show you that."
い、でも京都はどこを歩いてもう本当に 古い建物がどこでもありますね。,"But wherever you walk in Kyoto, you'll see really old buildings everywhere."
うん。,Yeah.
そう。,yes.
,#VALUE!
いや、楽しいですよ、歩くのが。,"No, walking is fun."
まだ全然 大丈夫です。,It's still totally fine.
はい。,yes.
いや、 いいね。,"No, I like it."
楽しいね。,That's fun.
はい。,yes.
いや、さっき 東北寺に来ないと言ったんですけど、ま、 せっかく来たからちょっとちょっとだけ 行ってみます。,"Well, I said earlier that I wasn't coming to Tohoku Temple, but since I've come all this way, I'll just drop in for a bit."
はい。,yes.
だ、多分まだ ちょっと元気だから 寄り道できますね。,"Well, I think I'm still feeling a little energetic so I can take a detour."
もう本当に疲れていたら多分もう多分 顔が死んでると思います。,"If I was really tired, my face would probably look dead."
まだ大丈夫。,It's still okay.
なんかちょっとあの普通のバックパックだ から ちょっと肩が痛い。,It's just a regular backpack so my shoulders hurt a bit.
ちょっと腰が痛いけど,My back hurts a little
足は大丈夫です。,My legs are fine.
まだ歩けます。,I can still walk.
へえ、大きいね。,"Wow, that's big."
ここですよ。,It's here.
このエリア多分これ全部見 たらめっちゃ時間がかかると思いますよ。,I think it would take a really long time to see everything in this area.
ほら、 めっちゃ大きくて、 今私たちはここにいますね。,"Look, it's really big and here we are now."
これを全部見 て 回れるけど、 もう今日はここだけちょっとちょっと中に 入ってみましょう。,"You can look around and see all of this, but for today let's just take a quick look inside this one."
あ、でも大きいね。,"Ah, but it's big."
ちょっとだけだけど大きいね。,"It's a little big, but it's big."
ああ、これが東福寺。,"Ah, this is Tofukuji Temple."
ほら、 なんか前に来た時はあの、 え、紅葉の時に来ました。,"You see, the last time I came here, well, I came during the autumn leaves season."
だから全然雰囲気が違いますね,So the atmosphere is completely different.
。,.
すごい。,amazing.
公葉の時に来たらめっちゃ人がいて 中に入れなかったんですけど、今はあまり人がいませんね。,"When I came here during Koba, there were so many people that I couldn't get in, but now there aren't many people there."
こんな感じです。,It looks like this.
ほら、広い。,"See, it's spacious."
大きいね。,It's big.
すごい。,amazing.
やっぱり京都は紅葉とか桜の季節が本当に一番混みますね。,Kyoto is really busiest during the autumn foliage and cherry blossom seasons.
あ、でもさっきよりは疲れてますよ。,"Ah, but I'm more tired than before."
でも まだ大丈夫。,But it's still okay.
ええ、すごいな。,"Yeah, that's amazing."
大きいですね。,It's big.
ああ、見 て。,"Oh, look."
前、ああ、あの、1番上にあの登り ました。,"Before, ah, um, I climbed to the top."
なんか前に行った時、あの、ここ が開いていてラッキーだったんですよ。,"When I went there the other day, I was lucky that this place was open."
そう、今は上に登ることができないんです けど、今日ね、昨年かな?昨年はい。,"Yes, I can't climb up now, but today, I think last year? Yes, last year."
上に,On top
登ることができましたね。,You were able to climb it.
すごく古いん ですよね。,"It's really old, isn't it?"
うん。,Yeah.
いや、ここは歴史を感じられますよ。,"Well, you can really feel the history here."
そう 。,yes .
今はこの中に入ることができませんね。,You can't get in here right now.
はい。,yes.
うわ、すごいな。,"Wow, that's amazing."
ほら、もうなんか 木が木がすごく大きくて古くてね。,"You see, the trees are really big and old."
木を 見ると 分かりますよ。,You can tell by looking at the tree.
歴史を歴史を感じます。,You can really feel the history.
はい。,yes.
ま、ちょっと大きいけどね。,"Well, it's a little big."
はい。,yes.
ま、簡単に見て回ってまた戻りたい と思います。,"Well, I'll just have a quick look around and then come back."
はい。,yes.
え、 今歩いて 節身節 稲まで来ました。,"Well, I just walked and arrived at the rice plant."
1時間ぐらいかな?京都 駅から。,It's about an hour from Kyoto Station.
うん。,Yeah.
歩いて1時間ぐらいで着き,It takes about an hour to walk there
ますよ。,"Yes, it will."
ああ、もうここからちょっとあの 混んできますね。,"Ah, it's starting to get a little crowded from here on."
もっともっと人が たくさんいます。,There are many more people.
うわあ、すごいね。,"Wow, that's amazing."
ほら 。,See?
この道が多分あの節稲のところですよ。,This road is probably the one that leads to Setsuna.
ここを左に曲がったら節身稲がありますね。,"If you turn left here, you will see the noded rice."
はあ。,Huh.
いや、ちょっと疲れた。,"No, I'm a little tired."
ちょっと疲れたけど、まだ大丈夫。,"I'm a little tired, but still okay."
待ちください。,Please wait.
まだ大丈夫です。,It's still okay.
さあ、せっかくだからちょっと見ましょうか。,"Well, since we're here, let's take a look."
さあ。,here we go.
うわ、すごい。,"Wow, amazing."
もさっきと全然違いますね。,It's completely different from before.
うん。,Yeah.
あとここはやっぱりね、外国の人もたくさんいますね。,And there are a lot of foreigners here too.
お、さ、たくさんいます。,"Oh, there are a lot of them."
あ、綺麗。,"Oh, beautiful."
見て。,Look.
ま、すごい観光地だけど、やっぱりね、建物とか 綺麗ですよね。,"Well, it's a great tourist spot, but the buildings are beautiful, aren't they?"
,#VALUE!
お、またまた雨が降ってきました。,"Oh, it's raining again."
DJI オズモを守らないと。,We have to protect the DJI Osmo.
ちょっと今から傘を差しますね。,I'll put up my umbrella for a bit now.
ちょっと待って。,wait a minute.
はい。,yes.
雨が降ってきたのですごい賑やか。,It started raining so it was very lively.
お店もたくさんあります。,There are also many shops.
屋台もたくさんありますよ。,There are also lots of food stalls.
前はね、ここに家族と来ました。,I came here with my family before.
うわ、すごいな。,"Wow, that's amazing."
ちょっと人がいすぎますね。,There are a bit too many people.
ここ歩くのが大変ですよ。,It's hard to walk here.
ほら、みんな傘さし、傘を差してるから歩くのが大変。,"Look, everyone is carrying an umbrella, so it's hard to walk."
そう。,yes.
ここはいつも屋台があるんですね。,There are always food stalls here.
え、ま、すごい本当に外国人がたくさんいますね、ここは。,"Wow, there really are a lot of foreigners here."
あ、やった。,"Oh, I did it."
でも京都は本当に場所によって全然違いますよ。,But Kyoto really is completely different depending on the area.
場所によって誰もいない場所もありますから。,There are some places where there is no one there.
雨が強くなってきました。,The rain is getting stronger.
はい。,yes.
ダめだ。,No good.
人がいすぎます。,There are too many people.
ちょっとね、あの、中まで行くのをやめました。,"Well, I stopped going inside for a bit."
カメラがあるしね。,There's a camera.
だから傘を使わなきゃいけないけど人がたくさんいるし。,"So I have to use an umbrella, but there are a lot of people."
うん。,Yeah.
,
ま、あと今回は普通の旅行じゃないから、え、やめました。,"Well, this wasn't a normal trip, so, uh, I gave up."
もっと南に行きますよ。,I'll go further south.
いや、でも結構疲れてきたな。,"No, but I'm getting pretty tired."
はい。,yes.
もう 1 時間ちょっと歩いてますからね。,We've been walking for a little over an hour now.
さあ、ま、観光地は終わりましょう。,"Well, that's it for the tourist spots."
今からもっとね、普通じゃ行かない場所に行きます。,"From now on, I'm going to go to more places that people normally don't go to."
ではもっと歩いて南に行きたいと思います。,Now I want to walk further south.
すごいな、本当にたくさん観光客がいますね。,"Wow, there are so many tourists."
これはすごいですよ。,This is amazing.
さ、さ、じゃあ今から左に曲がってもっと南に行きます。,"Okay, so now let's turn left and go further south."
どうぞ。,please.
よし。,Okay.
ま、綺麗ですけどね。,"Well, it's beautiful though."
うん。,Yeah.
綺麗だけどね。,It's beautiful though.
おすすめですよ。,I recommend it.
おすすめ。,recommendation.
おすめだけどね。,I recommend it though.
ちょっと違う旅行をしたいので いらっしゃいませ。,I'd like to try something a little different. Welcome.
ゆっくり,slowly
さ行きましょう。,Let's go.
はい。,yes.
今稲駅です。,This is Imana Station.
なんかあの電車のラインに沿って歩いているからすごい毎回駅を見ますね。,"Since I'm walking along the train tracks, I see the station every time."
うん。,Yeah.
なんか楽しいですよ。,It's kind of fun.
うん。,Yeah.
電車で来るから楽しいね。,It's fun because I come by train.
あ。,a.
いや、なんかあの、新しい経験なので新鮮なんですけど、なんかちょっと寂しい誰かと話したい。,"Well, it's a new experience so it's refreshing, but I feel a bit lonely and want to talk to someone."
[笑い] クレジットでお会計ですね。,[Laughter] You pay by credit card.
お支払い金額を確認し、クレジットカードを読ませてくだレシートをお受け取りください。,"Please confirm the payment amount, swipe your credit card and receive a receipt."
ありがとうございました。,thank you very much.
すいません。,Sorry.
お使いますね。,I'll use it.
今、あの、京都にある国大学という大学を通っています。,I am currently attending a university called Kokudai in Kyoto.
見て、めっちゃ大きい大学だね。,"Look, it's a really big university."
そう、なんか歩いていて、え、この建物は何?って思ったので、え、調べてみたら大学でした。,"Yeah, I was just walking around and I thought, what is this building? So I looked it up and it turned out to be a university."
,
大きいな。,It's big.
めっちゃ大きいですよ。,It's really big.
だから なんか学生もめっちゃたくさんいます。,So there are a lot of students.
そう。,yes.
この建物からはい。,Yes from this building.
たくさん学生が 来ますね。,A lot of students come.
若い人がたくさんいますね。,There are a lot of young people here.
面白い。,interesting.
いや、こんなに節み稲の観光地の 近くにこんな大きい大学があるんですね。,I was surprised to find such a large university so close to the rice planting tourist spot.
う、知らなかった。,"Oh, I didn't know that."
[音楽] すごい。,[MUSIC] Amazing.
うわあ、太陽 晴れてきましたよ。,"Wow, the sun is shining."
うわ。,Wow.
で、今またあの 街の中、街の中からあの川沿いに戻りまし た。,"And now I'm back in the city, back along the river."
見て。,Look.
,
はい。,yes.
川沿いに戻りました。,I returned to the riverside.
ほら、今川の隣を 歩いてます。,"Look, I'm walking next to Imagawa."
うわあ、温かい。,"Wow, it's warm."
いいね。,nice.
誰もいませんよ 。,There's no one here.
人が全然いません。,There are no people at all.
はあ。,Huh.
いや、そう。,"Yes, that's right."
あの、 そう。,"Um, right."
私はあまり歩きません。,I don't walk much.
いつも 大阪にいた時はもっと歩いていたと思い ます。,I think I walked more when I was in Osaka.
ま、自転車に乗ってましたね。,"Well, I was riding a bicycle."
あとよく 大阪の街の中を歩いていました。,I also often walked around the city of Osaka.
でも 名古屋に引っ越してから なんか今車があるから ちょっと面どくさかったらいつもはい。,"But since I moved to Nagoya, I now have a car, so if it's a bit of a hassle, I always say yes."
車 に乗って色々なところに行っていました。,I used to drive to many different places.
うん。,Yeah.
そうだから全然歩いていないんです,That's why I don't walk at all.
よ。,Yo.
で、 あの、筋トレ、筋トレをしているんです けど、 そう、ウェイトトレーニングをするけど、 私はジムで全然カーディオしません。,"So, um, I do strength training, strength training, but, yeah, I do weight training, but I don't do any cardio at the gym."
うん 。,Yeah .
あ、あまりジムでジムでカーディオを するのが好きじゃないんですよ。,"Oh, I don't really like doing cardio at the gym."
気持ちいい。,It feels good.
温かいね。,It's warm.
そう。,yes.
ジムでカーディをするの が好きじゃない。,I don't like doing cardio at the gym.
あの、 ま、外を走ったり友達とスポーツ、 サッカーとかテニスとかしたりするのは 好きです。,"Well, I like running outside and playing sports with friends, like soccer and tennis."
ま、テニスはできませんけど、 ま、外でスポーツをするのが好きです。,"Well, I can't play tennis, but I like playing sports outside."
で もジムの中でカーディオしたくないんです よ。,But I don't want to do cardio in the gym.
だから本当に最近は全然カーディオを していませんでした。,So I really haven't been doing any cardio lately.
そう。,yes.
トレーニング を全然このカーディを歩く、え、 トレーニングを全然していなかったので,"I hadn't done any training at all, so I walked this cardigan."
ちょっとね、できるかなって思っていまし たよ。,I was wondering if I could do it for a bit.
そう、そう、そう。,"Yes, yes, yes."
ちょっと心配 でした。,I was a little worried.
でも歩いてみたら今は大丈夫です ね。,But now when I walk around it's fine.
うん。,Yeah.
あと楽しい。,And it's fun.
なんか景色が、ま 、特に今まだその後で分かりませんけど、 京都は本当に景色が変わります。,"The scenery, well, I still can't really tell right now, but the scenery in Kyoto has really changed."
そう、 ちょっと歩いたら全然人がいなくて住宅街 電車 そう、全然住宅街でまたちょっと歩いたら 大きいお寺があって、あの観光客が たくさんいます。,"Yes, if you walk a little further you'll find a residential area with no people around. Train: Yes, it's a completely residential area, but if you walk a little further you'll come across a large temple with lots of tourists."
で、またちょっと歩い たら誰もいません。,"Then, I walked a little further and there was no one there."
で、またちょっと歩い たらすごくたくさん人がいて、外国人が たくさんいるエリアになりますね。,"Then, if you walk a little further, you'll come to an area with lots of people and foreigners."
だから 楽しいですよ。,That's why it's fun.
で、今大学の近くを歩いて で、大学をのエリアを出て,"So, I'm walking near the university now, and I'm leaving the university area."
少し、ま、普通の道をまっすぐ歩いて今 川沿い、誰もいない川沿いですね。,"I walked straight down a normal road for a bit and now I'm along a river, a deserted river."
歌を歌うこともできますよ。,You can also sing a song.
本当に誰もい ません。,There is really no one there.
ほら 見て。,"Look, look."
誰もいません。,There is no one here.
そうでタイミングよく雨が止みましたね。,So the rain stopped just in time.
そう、雨が降っていたらちょっとこの カメラが壊れてしまいますからね。,"Yes, if it rains, this camera will break down."
ラッキー。,lucky.
はい。,yes.
そうだからうん。,"That's right, yeah."
めっちゃいい機会 。,What a great opportunity.
あ、マイクを叩いちゃった。,"Oh, I hit the microphone."
めっちゃ いい機会です。,This is a really good opportunity.
そう。,yes.
あの 、やったことがないこと、したことがない ことをするのはめっちゃ大切だと思います 。,"Well, I think it's really important to do things you've never done before."
うん。,Yeah.
で、ま、この、どうして私は京都 から大阪まで 歩こうと思ったか。,"So, why did I decide to walk from Kyoto to Osaka?"
うん。,Yeah.
ま、まずやった,"Well, first I did"
ことがないことをしたかった。,I wanted to do something that had never been done before.
うん。,Yeah.
やっぱ人生は挑戦がないとつまらないと 思います。,I think life is boring without challenges.
私はね、いつも刺激が欲しい、 自由が欲しいです。,I always want excitement and freedom.
で、えー、本当に ちょっとクレイジーなこと、ちょっと誰も しないこと、あまり普通の人がしないこと 、したことがないこと、新しい経験をする と本当に自由を感じます。,"So, um, doing something a little crazy, something that not many people do, something that not many normal people do, something that I've never done, and having a new experience, I feel really free."
で、新しいこと をするとすごく気持ちがいいですね。,And it feels really good to do something new.
うん 。,Yeah .
で、もちろん大変ですよ。,"And, of course, it's hard."
うん。,Yeah.
多分 明日はね、筋肉痛があって足が痛くなると 思いますけど、でも いいと思います。,"I'll probably have muscle pain and my legs will hurt tomorrow, but I think it'll be okay."
はい。,yes.
なんか大変な経験 、苦しい経験は絶対いい経験になります からね。,Any difficult or painful experience can definitely be a good experience.
ちょっと雨が降ってきました。,It's starting to rain a little.
そう、今ね、もう、もう足、足を釣ってい ます。,"Yes, right now, I'm already tying my legs."
ちょっと。,a little bit.
はい。,yes.
い、てててて。,"I, te te te."
あ,a
、 あ、やばい。,", Oh, no."
もう、もう釣ってる。,I'm already catching fish.
あ、 ちょっと休んだ方がいいかもしれませんね 。,"Ah, maybe you should take a break."
ああ、足が釣ると本当に動けませんよね。,"Ah, when your leg is cramped you really can't move."
伸ばしてます。,I'm stretching it.
ちょっと今は YouTube撮ってるのでここで。,"I'm filming a YouTube video for now, so I'll leave it here."
そう 、ここ今ね、マグネットがあるから。,"Yes, there's a magnet here right now."
ああ、いてて。,"Oh, ouch."
ちょっと休憩しましょう。,Let's take a little break.
は、そう。,"Yes, that's right."
で、 えっと、もう1つの理由、もうたくさん 理由があるんですけど、あの、 ま、大変なことをしたり、新しいことを すると絶対何かね、学ぶことができるから 、それは本当に人生ですごくいい経験に なると思います。,"And, um, there's another reason, and there are many other reasons, but, well, when you do something difficult or new, you're sure to learn something, so I think it's a really good experience in life."
うん。,Yeah.
だから、ま、仕事,"So, well, work"
でも 仕事でも、あの、プライベートでも、えー 、新しいこと、何かワクワクすることをし ていきたいなって思っています。,"But, both at work and in my personal life, I would like to do something new, something exciting."
で、まあ 、今は簡単な日本語で話して、あの、日本 語を勉強してる皆さんも、私のチャンネル を見ている皆さんも、え、少しなんか 新しいことを頑張ってね、できたらいいな と 思って、今このチャレンジをしています。,"So, I'm speaking in simple Japanese right now, and I'm taking on this challenge with the hope that all of you who are studying Japanese and watching my channel will try your best to try something new."
うん。,Yeah.
はい。,yes.
なんかちょうど良かった。,It was just right.
今 これは橋かな?多分橋、橋があるから。,"Now, is this a bridge? Probably a bridge, because there is a bridge."
うん。,Yeah.
このカメラに雨が当たらなくてちょうど いいですね。,It's good that the rain doesn't hit this camera.
あと多分あの京都駅を出発し てから まだ休んでいなかったから,"Also, I probably hadn't had a rest since leaving Kyoto Station."
ちょっとここで 休みたいと思います。,I think I'll take a break here for a bit.
ああ、そう。,"Oh, right."
昨日、昨日なんかあの、 えー、プロテインバーをちょっと ここに来る前に買ってきたので、ちょっと それも食べながら はい。,"Yesterday, I bought a protein bar before coming here, so I ate that too."
ちょ、ちょっとだけ休憩しましょう 。,"Hey, let's take a little break."
うん。,Yeah.
ちょっとここで休みます。,I'll take a break here for a bit.
ああ、こが痛いね。,"Ah, this hurts."
やばいなあ。,That's bad.
本当できるかな? 明日が怖いですね。,Can I really do it? I'm scared of tomorrow.
明日なんかすごい筋肉 痛 筋肉痛がもうやばそう。,I'm going to have some really bad muscle pain tomorrow.
それが怖いですね。,That's scary.
あれプロテインバー持ってきたけどどこか だな。,"Oh, I brought a protein bar, but where is it?"
え、ホテルに忘れた。,"Oh, I forgot it at the hotel."
実はまだね、今日 どこに止まるか,"Actually, I still don't know where I'll stop today."
分かりません。,I don't know.
うん。,Yeah.
何もよ、もちろん何も予約してい ませんよ。,"Nothing, of course I haven't made any reservations."
だから ここで寝るかもしれません。,So maybe I'll sleep here.
いや、それは多分無理だね。,"No, that's probably impossible."
無理だけど。,It's impossible though.
今寒いからね。,Because it's cold now.
京都は寒いですよ。,It's cold in Kyoto.
なんか京都、京都はあの大阪や名古屋より ちょっと寒いですよね。,Kyoto is a little colder than Osaka or Nagoya.
あれ全然ない。,That's not there at all.
あったあったった。,"Yes, there it was."
プロテイン バー。,Protein bar.
ああ、そう。,"Oh, right."
まだ朝ご飯ちょっと遅い 朝ご飯を食べて食べたのでまだあまりお腹 が空いてないけど いや、たくさん歩かなきゃいけないからね 。,"It's still a little late for breakfast. I've had breakfast so I'm not very hungry yet, but no, I have to walk a lot."
多分食べた方がいいですね。,Maybe it's better to eat it.
ああ。,ah.
うわあ。,Wow.
なんか本当に今思っていること。,That's really what I'm thinking right now.
あの京都駅を出て今初めて座りました。,This is the first time I've sat down since leaving Kyoto Station.
,
ああ、もう今本当にああね、寝ることが できますよ。,"Ah, I can really go to sleep now."
もう寝られますよ。,You can go to sleep now.
もうああ 、幸せ。,"Ah, I'm so happy."
気持ちいい。,It feels good.
そう。,yes.
座っていることが気持ちいい。,It feels good to sit.
はい、いただきます。,"Yes, thank you."
うん。,Yeah.
最高じゃないですか?誰もいません。,Isn't that great? There's no one here.
前に 川があります。,There is a river in front of you.
特別な経験ですよ。,It's a special experience.
うん。,Yeah.
皆さんもできますからね。,You can do it too.
もし ね、日本に来て、ま、天気が良かったら めっちゃいい経験ができると思います。,"If you come to Japan and the weather is nice, I think you'll have a great experience."
今日はあまり天気が良くないけど、 多分後で晴れると思いますから。,"The weather isn't very good today, but I think it will probably clear up later."
うん。,Yeah.
,
眠い。,sleepy.
ここにベッドがあったら寝られますよ。,"If there was a bed here, I could sleep."
あ、でもね、まだ本当に長いから こうやって休みながら 行った方がいいですね。,"Ah, but it's still a really long way to go, so it's better to take breaks like this as you go."
うん。,Yeah.
また後で ちょっとその本当に地元の小さいなんか レストランに 行きたいですね。,"Later, I'd like to go to a small, local restaurant."
うん。,Yeah.
れた。,It was.
いや、でも面白いな。,"No, but it's interesting."
うん。,Yeah.
じゃ、ちょっと、まあ、10分ぐらい ここで休憩してまた 歩き始めます。,"Well, let's take a short break here for about 10 minutes and then start walking again."
ちょっと10分間 楽しみたいと思います。,I'd like to have some fun for 10 minutes.
,
[音楽] 荒れてきました。,[MUSIC] It's getting rough.
よし、 まっすぐ、まっすぐ進みます。,"Okay, go straight, go straight."
まっすぐ 歩きます。,Walk straight.
ああ、気持ちいい。,"Ah, that feels good."
こんにちは。,Hello.
なんか釣れるんですか? はい。,Did you catch anything? Yes.
皆さん、今川沿いの川沿いのエリア が終わります。,"Everyone, we've finished the riverside area along the Imagawa River."
今からこの 橋を 渡ってはい。,Let's cross this bridge now.
ちょっと川沿いじゃない別の エリアを歩きたいと思います。,I would like to walk in a different area that is not along the river.
いやあ、 多分今このエリアは1番気持ちがいい エリアでしたね。,"Well, this was probably the most pleasant area right now."
歩いてて1番 すごいなんか楽しむことができましたよ。,I had the most amazing time walking around and had a great time.
,#VALUE!
良かった。,it was good.
でもあのあまり坂がないんです けど歩いてるからやっぱ足が疲れてますね 。,"But even though there aren't many slopes, my legs still get tired from walking."
うん。,Yeah.
そう。,yes.
なんかハイキングだったら あの 時々急なところがあるし坂がたくさん 坂とか階段がたくさんあるからもうすぐ 疲れるんですけどすごくフラット平な道だ からあまり今は疲れていないけど休んだ時 にすごく ああ疲れたってなりますね。,"If I were hiking, there would be some steep sections and lots of slopes and stairs, so I would soon get tired, but this is a very flat road, so although I don't feel tired at the moment, when I rest I feel really tired."
はい。,yes.
いやあ、頑張ります。,"Well, I'll do my best."
じゃあまたね。,see you later.
いや 、綺麗な川でした。,"No, it was a beautiful river."
さあ、行きましょう。,Let's go.
はい。,yes.
え、今 、ま、何もない普通の住宅街に 来ました。,"Well, now I've come to an ordinary residential area with nothing in it."
,
へえ。,Wow.
そうですね。,I agree.
ちょっとなんか雨、雨 がたくさん降ったり 病んだり降ったり病んだりしているから うん。,"It's been raining a little, a lot, and it's been raining a lot, and I'm sick, and it's been raining a lot, so yeah."
今はちょっと太陽があります。,There's a bit of sun now.
晴れ てますね。,It's sunny.
さっきまで結構強い雨が降って いて大変でした。,"It had been raining quite heavily until just now, so it was quite difficult."
いやあ、 すごい。,"Wow, that's amazing."
ちょっと あの 結構足、足首とふハぎとお尻と 、えー、腰と肩が痛い。,"Well, my feet, ankles, calves, buttocks, lower back and shoulders hurt quite a bit."
[笑い] 痛いです。,[Laughs] It hurts.
うん。,Yeah.
ま、でもま、大変だと思ってましたから 大丈夫ですけどね。,"Well, I thought it would be difficult, so it's okay."
うん。,Yeah.
いつもあの 出発する前に 私の妻や、ま、妻の家族、私の家族に、え,"Before I leave, I always tell my wife, her family, and my family,"
、どうして、どうしてそれをするの?って 、ま、みんなに聞かれましたよ。,"Well, everyone asked me, why, why would you do that?"
みんな、 え、どうして?いや、分かりますよ。,"Everyone, you might be wondering, ""Why?"" Well, I understand."
だっ て、あの新幹線で15分ぐらい、京都から 大阪まで15分ぐらいですよ。,"After all, it only takes about 15 minutes on the Shinkansen, from Kyoto to Osaka."
普通の電車 で30分40分で着きますからね。,It takes 30 to 40 minutes to get there by regular train.
そう。,yes.
ま、普通はね、歩きませんよね。,"Well, normally, you don't walk."
ま 、でもこの 分からないなんでするか分からないこと、 理由がないことが1番大切だと思います。,"Well, I think the most important thing is that we don't know why we do it, and that there is no reason."
うん。,Yeah.
本当に最近そう思いますね。,I've really been thinking that lately.
はい。,yes.
あの、私の日本人の、あ、ちょっと待って 。,"Um, my Japanese, oh, wait a minute."
えっと、 ん、 どこですか? ちょっと待ってね。,"Um, hmm, where is it? Hold on a moment."
ああ、,"ah,"
ここは左ですね。,This is on the left.
はい。,yes.
そう、なんかあの私の日本人の バックパッカーの友達にああ、ちょっと 今度 あの京都から大阪まで歩く歩くんだよって 言ったんですけど 面白い面白いですよ。,"Yes, I told my Japanese backpacker friend that I was going to walk from Kyoto to Osaka, and it was really fun."
あのその人は今何歳 ?5050歳ぐらいかな?ま、50歳 ぐらいだと思うんですけど。,"How old is that person now? Around 50 or 50? Well, I think he's around 50."
わ、あの、僕も去年 神戸から京都まで歩きましたって 言ってびっくりしましたね。,"Wow, you were surprised when I told you that I walked from Kobe to Kyoto last year too."
神戸は大阪 よりもっと遠いからね。,Kobe is farther away than Osaka.
すごいですよね。,That's amazing.
なんか、あの、私と、あ 、私と同じことを言ってましたよ。,"Like, um, he said the same thing as me and, ah, me."
なんか 刺激が欲しかったとか だからなんか旅人,"I wanted some excitement, so I became a traveler"
バックパッカーとか旅人は本当に[笑い] 考えていることが多分同じだと思います。,I think backpackers and other travelers probably think the same way [laughs].
でもま、ま、普通の人は あまり分からないと思いますね。,"But, well, I don't think the average person would understand that."
え、どう してってなりますよね。,You might be wondering what's going on.
私の両親もそう でしたし。,My parents were like that too.
そうそう。,oh yeah.
そう。,yes.
普通は、え、なんでどうして、え、電車で 30分で行けるのにどうして歩いていくの ? 大丈夫ってなりますよね。,"Normally you'd think, ""Why, why would you walk when you can get there in 30 minutes by train?"" and think, ""It's fine."""
そう。,yes.
ま、でも そういうことが好きだからね。,"Well, but that's what I like to do."
うん。,Yeah.
ああ。,ah.
あの、あの気持ちは大丈夫。,"Um, that feeling is okay."
今その元気 です。,I'm feeling fine now.
でもなんか途中で なんかちょっと止まって あの飲み物飲み物をカから出して 飲んだりする時に体がもうめっちゃ疲れ,"But somehow, when I stopped for a moment and took the drink out of the cup and drank it, my body was already really tired."
てるなって思いました。,I thought that was amazing.
だから絶対明日は 筋肉痛が 来ると思いますね。,So I'm sure I'll have muscle pain tomorrow.
そう。,yes.
なんか、あの、ハイキングをなんか ネパールで私はハイキングをしていたん ですけど、 あの、 1週間ぐらいあのひま屋の山の近くを ハイキングしていました。,"I was hiking in Nepal, and I spent about a week hiking near Himaya Mountain."
で、え、まあ1日目、1日目からずっと 筋肉痛があって、2日目、3日目、4日目 はだんだんだんだんだんだんもっと大変に なりましたよ。,"So, well, from the first day, I had muscle pain, and on the second, third and fourth days it got progressively more difficult."
で、もう本当に最後の日は 歩けませんでした。,"And on the last day, I really couldn't walk."
うん。,Yeah.
歩くとすぐ足が 釣って動けなくなりましたね。,"As soon as I walked, my legs cramped and I couldn't move."
だから休ま なければいけませんでした。,So I had to take a rest.
そう、だから 最初の日は、ま、もちろん頑張れる。,"Yes, so on the first day, well, of course I'll do my best."
大変,hard
だけど、ま、頑張れると思います。,"But, well, I think I'll do my best."
ま、次 の日がね、ちょっと 大変ですよね。,"Well, the next day is going to be a bit tough."
痛いからベッドから起きて 歩き始めるのが大変ですよね。,It's so painful that it's hard to get out of bed and start walking.
あ、 ちょっと待って。,"Oh, wait a minute."
まっすぐ 大丈夫かな?あ、大丈夫ですね。,"Is it okay to go straight? Oh, it's okay."
しばらく しばらくまっすぐですね。,It's been straight for a while.
うん。,Yeah.
大丈夫 大丈夫。,"It's okay, it's okay."
あ、もうじゃ、今からしばらく こんな感じの住宅街ですね。,"Well, this is what the residential area will look like for a while from now on."
ま、ここは もう 外国人はいませんよね。,"Well, there are no foreigners here anymore."
そう、日本に住ん でる人がここにたくさん います。,"Yes, there are a lot of people here who live in Japan."
そう、こういう場所は多分、 ま、私にとって、ま、あまり面白くない 場所かもしれません。,"Yes, this kind of place is probably, well, maybe not a very interesting place for me."
でもその 日本に住んでいない人、外国の人にとって,"But for those who don't live in Japan, for foreigners"
多分こういうすごい日本の住宅街の景色も ね、面白いんですよね、多分。,I think the scenery of these amazing Japanese residential areas is probably interesting too.
ま、分かり ますよ。,"Well, I understand."
私もあの、あの、他の国に行った 時、そう、住宅街の景色も楽しかった。,"When I went to other countries, I also enjoyed the scenery of residential areas."
ワクワクしました。,I was excited.
うん。,Yeah.
そうね。,That's right.
ヨーロッパに行った時も ヨーロッパの普通のなんか全然 全然観光地じゃない場所がなんか1番 良かったです。,"When I went to Europe, the places that I enjoyed the most were the ordinary European places that weren't touristy at all."
そう。,yes.
と、ま、ま、全部 同じだね。,"Well, well, it's all the same."
そう。,yes.
他のアジアの国に行った 時も普通の人が生活している場所を見るの が1番 嬉しかったです。,"When I went to other Asian countries, the thing that made me happiest was seeing places where ordinary people lived."
うん。,Yeah.
いい思いで。,Good thoughts.
そう。,yes.
ま、だから本当に京都から大阪まで歩くと,"So if you really walk from Kyoto to Osaka,"
色々な景色をゆっくり感じることができる からおすめですね。,I recommend it because you can take your time to enjoy the various scenery.
お、 セブンイレブンだ。,"Oh, it's 7-Eleven."
セブンイレブン。,7-Eleven.
久しぶりにコンビニを見 ました。,It's been a while since I last saw a convenience store.
ああ、嬉しい。,"Oh, I'm so happy."
あの、そう、 トイレに行きたかったんですよ。,"Um, yeah, I wanted to go to the bathroom."
で、なん かあの、あの京都とか京都の街の中の セブンイレブンはあのトイレが使えないん ですよね。,"So, for some reason, you can't use the toilets at the 7-Elevens in Kyoto and around the city of Kyoto."
そう。,yes.
人がいすぎるから。,Because there are too many people.
そう 。,yes .
だから ずっと待ってました。,So I've been waiting for a long time.
ずっと我慢してまし た。,I've been holding it in for a long time.
来たセブンイレブン。,Seven-Eleven has arrived.
ああ、よかった 。,"Oh, thank goodness."
ちょっとトイレに行って 飲み物買わなきゃいけませんね。,I need to go to the bathroom and get a drink.
飲み物を 買って ちょっとそろそろなんか昼ご飯を食べたい ですね。,I'd like to buy a drink and have some lunch soon.
遅い、遅いけど、今はもう3時 ぐらいだから遅い昼ご飯をはい、食べよう,"It's late, but it's about 3 o'clock now, so let's have a late lunch."
と思います。,I think so.
おお、 遅い昼ご飯を食べようと思います。,"Oh, I think I'll have a late lunch."
いやあ 、良かった。,"Well, that's good."
セブンイレブン ね。,"Seven-Eleven, right?"
街の中にいるとね、コンビニはもう 1つな、何?1つの角にこう、あの、 コンビニがあるから何も感じないけど、 ずっと歩いている時にコンビニを見つける とね。,"When you're in town, there's already one convenience store, what? There's one on every corner, so you don't feel anything, but when you're walking around and you find a convenience store..."
うん。,Yeah.
嬉しいね。,I'm happy.
あー、さあ、着きましたよ。,"Ah, well, we've arrived."
コあ、 コンビニセブンイレブン。,"Ah, the convenience store 7-Eleven."
イエーイ。,Yay!
ね、空が綺麗だね。,"Hey, the sky is beautiful."
雲と空。,Clouds and sky.
さあ、ちょっとここで休憩します。,"Now, let's take a short break here."
休憩。,break.
トイレに行きます。,I'm going to the bathroom.
うん。,Yeah.
あ、うわ、すごい。,"Oh wow, amazing."
温泉、温泉見つけた。,"Hot springs, I found a hot spring."
,
温泉がありますね。,There is a hot spring.
お、大きい、大きい温泉がある。,"Oh, there's a big, big hot spring."
見えますか?ここに ゆ。,Can you see it? Here it is.
Uは温泉か先頭のサインですね。,U is a sign for hot springs or the front.
ゆ。,hot water.
ゆは お湯の湯。,Yuha is hot water.
大きいね。,It's big.
こここの温泉 行きたい。,I want to go to this hot spring.
行きたい。,i wanna go.
もう 今温泉に入りたい。,I want to go to the hot springs now.
ああ、 でもまだ明るいからね。,"Ah, but it's still light out."
今温泉に入ったら もう動けない。,"If I go into the hot spring now, I won't be able to move."
もう歩きたくなくなります 。,You won't want to walk anymore.
いや、頑張ろう。,"No, let's do our best."
頑張ろう。,Let's do our best.
うん。,Yeah.
いやあ、久しぶりにやっぱ歩くと足が痛く,"Well, it's been a while since I've walked and my feet hurt."
なりますね。,That's right.
そう、見て。,"Yes, look."
ここ なんかクラクション鳴らしてる。,There's someone honking here.
見て。,Look.
ここ 今からこの昼ご飯のやばい。,"Right now, this lunch is going to be terrible."
疲れた。,tired.
ここ で昼ご飯を食べたいと思います。,I would like to have lunch here.
なんか いい感じの本当にいい感じのお店ですよ。,It's a really nice shop with a nice feel to it.
見て 美味しそうでしょ? はあ、お腹が空いたね。,"Look, doesn't it look delicious? Ah, I'm hungry."
食べれる時に食べ ないといけないので 入りたいと思います。,"I have to eat when I can, so I'd like to go in."
はい。,yes.
今3 時ぐらいですね。,It's about 3 o'clock now.
ちょっと遅い昼ご飯を食べたいと思います。,I'd like to have a late lunch.
では行きましょうよ。,Let's go then.
いらっしゃいませ。,welcome.
ああ、どうもこんにちは。,"Oh, hello there."
ああ、疲れた。,"Ah, I'm tired."
どはあそこで のおかずはもう好きなん取ってもらって結構です。,You can choose any side dishes you like from there.
,#VALUE!
あ、おかずは、あ、で、メインをここで注文してご飯もあります。,"Oh, there are side dishes, oh, and you can order your main dish here and also get rice."
ああ、分かりました。,"Oh, I see."
ありがとうございます。,thank you.
よし。,Okay.
新そばって京都の有名なそばですよね。,Shinsoba is a famous type of soba in Kyoto.
ね。,hey.
よありますね。,"Yes, there is."
うん。,Yeah.
新そばぐらいですか?京都。,Is it like new soba? Kyoto.
京都っぽいのって。,Something that feels like Kyoto.
あとた田ぬうどんとかなんか。,"Also, tata udon or something."
あ、田たぬきうどんも京都で有名なんです。,"Oh, Tanuki udon is also famous in Kyoto."
関東はなんかあれなんですか?天カなんかなんですか? 僕は名古屋の方なんですけど。,What's going on in Kanto? Is it something like Tenka? I'm from Nagoya.
あ、そっか。,"Oh, I see."
天カスかな。,Maybe it's tempura flakes.
なんかこっちはあの、えっと、上げさんと青ねぎであん はい。,"This one is, um, fried tofu and green onions, yes."
あ、あ、アンニスパン たぬきうどん。,"Ah, ah, Annispan Tanuki Udon."
あ、は京都で結構。,"Ah, Kyoto is fine."
へえ。,Wow.
じゃ、それにしか乗せるんですけど。,"Well, that's the only thing I can ride."
へえ。,Wow.
え、どっちがいいかな?たぬきうどんか西ソワどっちの方が美味しいんですかね? もうお好みなんで たぬきうどんでじゃあお願いします。,"Umm, which one should I get? Which is more delicious, Tanuki Udon or Nishi Sowa? It's a matter of preference, so I'll have Tanuki Udon, please."
いいんですか? え、今色々あるんで。,"Is that okay? Well, there's a lot going on right now."
はい。,yes.
あの、このお店カレーうどんもいです。,"Um, this restaurant also serves curry udon."
[笑い] あ、ここはカレーうどんどが有名なんですか?,"[Laughs] Oh, is this place famous for curry udon?"
あの、中華サそばも美味しいです。,The Chinese soba noodles are also delicious.
あ、ちょっと選ぶのがありすぎ。,"Ah, there's just too much to choose from."
全部おすすめ。,I recommend them all.
え、何がいいかな? ええ。,"Well, what would you like? Yes."
はい。,yes.
もうフラッ歩いて入ったんで。,I just walked in.
うん。,Yeah.
うん。,Yeah.
そう、そう、そう、そう。,"Yes, yes, yes, yes."
よかったらおかずもございますし、 ちょっと迷うな。,"If you like, there are side dishes available too, so it's a bit difficult to decide."
迷いますよね。,It's hard to decide.
え、うん。,"Huh, yeah."
やっぱりじゃあせっかくなんで はい。,"Well, since I've come all this way, yes."
え、1番のおすすめなんですか? う、だ、もうそぜ、とりあえず全部おすすめなんで。,"Eh, is this your number one recommendation? Well, I guess that's it, I recommend them all for now."
全部おすすめか。,Do you recommend them all?
はい。,yes.
え、どうしよう。,"Eh, what should I do?"
カレうども美味しそうだな。,The curry udon looks delicious too.
そうですね。,I agree.
めっちゃ友不段。,Very unfriendly.
無大丈夫です。,"No, it's okay."
えっと、え、どうしよう。,"Um, well, what should I do?"
悩みますね。,It's a tough decision.
悩みます ねえ。,I'm worried.
悩みます。,I'm worried.
うーん。,Hmm.
カレーうどんにしようかな。,I think I'll have curry udon.
食べて。,Eat it.
カレーうどんでいいですか?いいですか?やったら [笑い] カレーうどんでお願いします。,"Can I have curry udon? Is that okay? If so, [laughs] I'd like curry udon please."
ちなみにおげと 2 種類あるんですけどどっちがよろしい?おげでよろしいですか? えっと、あ、肉カレーうどんってことですか? じゃ、肉カレーうどんで。,"By the way, there are two types, Oge and Udon. Which one would you like? Is Oge okay? Um, oh, you mean meat curry udon? Then I'll have meat curry udon."
,
肉カレーうどんで。,Meat curry udon.
はい。,yes.
わかりました。,got it.
お、ご飯ですね。,"Oh, it's rice."
ご飯はよろしいですか? ご飯も 大中所座るんですけど。,Would you like to eat? We also have a seat in the main dining area.
ああ、ご飯は今はいいか? はい、とりあえず大丈夫です。,"Oh, are you ready to eat now? Yes, I'm fine for now."
ありがとうございます。,thank you.
迷う。,I'm confused.
あ、疲れた。,"Oh, I'm tired."
ああ。,ah.
ああ。,ah.
いて。,There.
ち、あ、水もらおうか。,"Uh, uh, can I get some water?"
お水ってもらえますか?いか?あ、いいすよ。,"Can I have some water please? Yes, sure."
京都駅から今歩いてて。,I'm walking from Kyoto Station now.
そうなんですよ。,That's right.
だから すっごいですね。,So that's amazing.
そう、そう。,oh yeah.
結構あれ結構来ましたね。,Quite a lot of people have come.
京 何かを目的てですか?こ いや、あの、大阪まで行く つもりですか?そう、そう、そうです。,"Kyo: What is your purpose? Ko: No, um, are you planning to go to Osaka? Yes, yes, that's right."
そうです。,that's right.
[笑い] 頑張ってください。,[Laughs] Good luck.
そうでっと今寄ってめっちゃ美味しそうだったから。,"Yes, I just stopped by and it looked really delicious."
うん。,Yeah.
どのぐらい時間かかりましたか? どのぐらいがかかったかな?今でもここまで 11時に出たん11時10,How long did it take? How long did it take? I still leave at 11 o'clock.
時半ぐらいに出て4時4時間半5時間5 時間弱。,"I left around 4:30 and it took just under 4:30, 5:5 hours."
あ、京的からここまでですか。,"Oh, so this is as far as Kyoto goes?"
ええぐら でこまで大阪まで行く。,Eegura goes all the way to Osaka.
行くんですけど多分高槻 あ、はいはいはいはい。,"I'm going, probably to Takatsuki. Oh, yes, yes, yes, yes."
で、1泊 ああ、1泊しあるんですか? 高槻ではい。,"So, one night stay? Oh, you're staying one night? Yes, in Takatsuki."
高槻までが多分あと 4時間ぐらいかな。,It'll probably be about four hours until we get to Takatsuki.
多分ある。,Probably.
はい。,yes.
ちょうど半分休憩。,Just half a break.
あ、そうですね。,"Ah, I see."
え、すごい。,"Wow, that's amazing."
な んかこれこな、なんかやってあるんですか? ん? なんかやってあるんですか?これ映。,"Something's wrong here, is something going on? Hmm? Is something going on? This is a picture."
あ、YouTube 自分だけ、自分だけ映してるんですけど。,"Oh, on YouTube I'm only showing myself."
そうなんですよ。,That's right.
それあの、歩いてますって。,"Well, it's walking."
そうです。,that's right.
そうです。,that's right.
はい。,yes.
は、すごい優しい人。,He's a very kind person.
フレンドリーですね。,That's friendly.
ね、出会いはいですね。,"See, meeting someone new is great."
座れるのが幸せだ。,I'm happy to be able to sit down.
あ、あ、めっちゃいい感じのお店、レストランですよ。,"Wow, it's a really nice shop and restaurant."
そう、なんかさっき今マップで調べた、地図で調べたんですけど、多分あの、今日は高槻島で行きたいと思います。,"Yes, I just looked it up on the map, and I think I'd like to go to Takatsuki Island today."
大阪の高槻島で。,On Takatsuki Island in Osaka.
ここからあと 4時間ぐらい、4,"About 4 hours from here, 4"
時間歩きたいと思います。,I want to walk for a while.
いやあ、頑張ります。,"Well, I'll do my best."
いや、でもここで美味しいご飯を食べてで、高槻まで頑張っていきますよ。,"No, but I'll eat some delicious food here and then do my best to get to Takatsuki."
腰が痛いですね。,My back hurts.
ああ、 ありがとうございます。,"Ah, thank you."
美味しそう。,looks delicious.
だけおか。,Only Oka.
ありがとうございます。,thank you.
カレーうどんですよ。,It's curry udon.
久しぶりに食べます。,It's been a while since I last ate it.
カレーうどん。,Curry udon.
いただきます。,I'll enjoy having this.
うん。,Yeah.
うん。,Yeah.
うわ、美味しい。,"Wow, delicious."
うわあ。,Wow.
ああ。,ah.
温かい。,warm.
体が温まりますね。,It warms up your body.
そう。,yes.
出汁が すごく美味しい。,The broth is very delicious.
いやあ、美味しいものを食べるとね、疲れ が 取れますね。,Eating something delicious really helps relieve fatigue.
,
うん。,Yeah.
暑い。,hot.
ああ、美味しい。,"Ah, delicious."
うん。,Yeah.
美味しいですね。,It's delicious.
うん。,Yeah.
うん。,Yeah.
180円いただきます。,It will cost 180 yen.
すいません。,Sorry.
ありがとうございます。,thank you.
あ、すいません。,"Oh, sorry."
ありがとうございました。,thank you very much.
ありがとうございます。,thank you.
ありがとうございます。,thank you.
おきに ふう。,Thank you.
いや、食べすぎた。,"No, I ate too much."
めっちゃあ、良かったね。,That was really good.
元気になりましたよ。,I feel much better now.
お、カメラすごい元気になりました。,"Wow, the camera is doing great."
やっぱ食べ物はすごいね。,The food is amazing after all.
元気になりますよ。,It will make you feel better.
さあ、なんかあの地図を見るといつもえ、まだまだこれしか来てないのって思うんですけど ね。,"Whenever I look at that map, I always think, ""Oh, I haven't come this far yet."""
少しずつですよね。,"It's little by little, right?"
日本語の勉強も同じ,The same goes for studying Japanese.
1日で上手になりませんよ。,You won't get good at it in a day.
1つずつ、少しずつ。,"One by one, little by little."
さあ、 すごいお腹いっぱい。,"Now, I'm super full."
さあ、楽しみだね。,"Now, that's exciting."
うん。,Yeah.
すごい優しくて 多分あの家族で経営してるレストランです ね。,They were so kind and I think the restaurant is probably run by that family.
うん。,Yeah.
いいな。,That's nice.
私の叔父もラーメン矢 をやっているのでなんか なんかいい雰囲気の お店でした。,"My uncle also runs Ramen Ya, so the restaurant has a really nice atmosphere."
よし。,Okay.
あの、食べるまでめっちゃ疲れてたけど、 めっちゃ元気になりましたね。,"I was really tired before I ate it, but now I feel so much better."
さあ、行きましょう。,Let's go.
頑張りますよ。,I'll do my best.
[音楽] [音楽] はい。,[MUSIC] [MUSIC] Yes.
なんか今はね、あの工場とか工場が あって何もないエリアに来ました。,Now I've come to an area where there are factories and other plants and nothing else.
田んぼ,rice fields
がたくさんありますね。,There are a lot of them.
うん。,Yeah.
何もない。,there is nothing.
何もない。,there is nothing.
本当に工場と 田ぼしかありませんね。,There are really only factories and rice fields.
ほら、なんか工場。,"Look, it's some kind of factory."
これ全部、これ全部 [音楽]工場ですよ。,"All of this, all of this is a [music] factory."
全部工場。,All factories.
工場と 田んぼかな?畑があります。,There is a factory and what appears to be a rice field.
ああ。,ah.
いやあ、すごいね。,"Wow, that's amazing."
本当にご飯を 食べると元気になりますね。,Eating rice really does make you feel better.
うん。,Yeah.
あと 多分あのちゃんと座ることができたから うん。,"And I think I was able to sit properly, yeah."
良かった。,it was good.
なんかハイキングをしている時 はあまり休まない方がいいって聞いたこと がありませんか?休みすぎると動けなく なる。,"Have you ever heard that it's better not to rest too much when hiking? If you rest too much, you won't be able to move."
歩けなくなる。,I can't walk.
から休みすぎないで ちょっとだけ休んで,"Don't rest too much, just take a short break"
あの歩いた方がいいと言ってお と聞いたことがあります。,I've heard that it's better to walk.
大きいトラック だね。,That's a big truck.
そう工場が多いから トラックもたくさん通りますよ。,"Yes, there are a lot of factories, so a lot of trucks pass by."
ああ。,ah.
いや、面白いな。,"No, it's interesting."
色々な景色が見れ て 楽しいですね。,It's fun to see a variety of scenery.
いやあ。,Oh no.
さあ、 楽しいな。,Now this is fun.
そう。,yes.
今なんかあのレストランでまた さっき地図を見たんですけど、そう、高槻 市、大阪の高槻市を 今日の目標にしたいと思います。,"I was looking at the map again at that restaurant just now, and I think my goal for today is Takatsuki City, Takatsuki City in Osaka."
そう、高槻市島で 行けたら 最高ですね。,"Yes, it would be great if we could go to Takatsuki City Island."
うん。,Yeah.
行けたら1番いい。,It would be best if you could go.
で、まだまだまだまだ遠いですけどね。,"And, it's still a long way off."
高槻市、高槻市は大阪ですからね。,"Takatsuki City, Takatsuki City is in Osaka."
うん。,Yeah.
,
そう。,yes.
まだ実は高槻市に行ったことがあり ません。,"Actually, I have never been to Takatsuki City."
ま、ま、住んでる、ま、住宅街がね、あり ますよね。,"Well, well, there is a residential area where I live."
たくさんの人が住んでますよね 。,There are a lot of people living there.
でもすごく住みやすい街だと聞いたこと があります。,But I've heard it's a very livable city.
はい。,yes.
ま、行ったことがない から楽しみでも まだあと ああ、まだ長いからね。,"Well, I've never been there before so I'm looking forward to it, but there's still a long way to go."
多分着く時は 夜になってると思いますけど、 少しずつ 頑張ります。,"It will probably be night by the time I arrive, but I'll do my best little by little."
いいですよ、本当に。,"That's good, really."
久しぶりの カーディオ。,Cardio after a long time.
あ、すごい。,"Oh, amazing."
また大きいトラックが来た。,Another big truck came.
さあ、 ちょっとこのエリアはあまり綺麗じゃない けどね。,"Well, this area isn't very clean."
うん。,Yeah.
はい。,yes.
え、今、今ね、あの 、工場があるエリアにいるんですけど、,"Well, right now, I'm in an area where there is a factory."
今、あの、新幹線の下を歩いてます。,"Right now, I'm walking under the Shinkansen."
だ から、あの、 5分に1回、10分に1回新幹線が上を 通るんですよ。,"So, the Shinkansen passes overhead once every five minutes, once every ten minutes."
はあ、 なんかね、複雑な気持ちになりますね。,"Ah, I have mixed feelings about this."
本当に早いから 多分私が あの10分歩いている間にもう大阪に着い てるんですね。,It's so fast that I probably arrived in Osaka by the time I walked for those 10 minutes.
いやあ、すごい。,"Wow, that's amazing."
でもね、昔の人はすごい ですよね。,But people in the past were amazing.
うん。,Yeah.
なんか 車がありませんでした。,There was no car.
電車がありません でした。,There were no trains.
だから多分たくさん歩かなきゃいけません でしたよね。,So you probably had to walk a lot.
多分 すごいな。,Probably amazing.
なんか今は 京都から大阪に行きます。,Right now I'm going from Kyoto to Osaka.
でも、ま、私は,"But, well, I"
帰る時電車に乗って帰ることができます けど うん。,"When I go home, I can take the train home, but yeah."
昔の人は歩いて大阪に行ったら歩い て京都に帰らなきゃ いけませんからね。,"In the past, people had to walk to Osaka and then walk back to Kyoto."
すごいね。,That's amazing.
いやあ、 なんか色々考えさせられますね。,"Wow, it really makes me think about a lot of things."
時間が たくさんあるから。,Because I have plenty of time.
うん。,Yeah.
あまりこんな 1人の時間って私もあまりないんですよ。,I don't often have time like this alone.
うん。,Yeah.
1人の時間があっても、ま、仕事をしてい たり、何かYouTubeを見ていたり、 何かしているんですよね。,"Even when I have time alone, I'm usually working, watching YouTube, or doing something."
でも 今本当に 瞑想してるみたい。,But now I really feel like I'm meditating.
何も考えないで 歩いているだけ。,I just walk without thinking about anything.
ずっと長い時間 ね。,For a very long time.
面白いな。,That's interesting.
その歩いてる時は本当に何も,"When I was walking, I really didn't know anything."
考えないんですよ。,I don't think about it.
うん。,Yeah.
なんか仕事の ことも あまり考えないし うん。,I don't really think about work either.
何も考えないんで、今、今にいる 感じ。,"I don't think about anything, I just feel like I'm in the present."
うん。,Yeah.
いや、でも本当にこういうことをしなかっ たら 多分もう何か考えてる。,"No, but if I really hadn't done this, I'd probably already be thinking of something."
何かしてますよ。,Something is going on.
うん。,Yeah.
そう。,yes.
こんなね、工場しかない場所。,"It's a place like this, with only factories."
うん。,Yeah.
来 ませんからね。,He won't come.
こんここに来ませんから。,I won't be coming here.
普通は 絶対来ないような場所 にいるのがなんかワクワクしますね。,It's exciting to be in a place that you would never normally be able to visit.
うん 。,Yeah .
いや、綺麗な場所もありましたよ。,"Yes, there were some beautiful places."
でも なんか綺麗な場所だけじゃなくてこの プロセスが全部 ね、いいですよね。,"But it's not just the beautiful place, the whole process is great, isn't it?"
プロセスが全部楽しい ね。,The whole process is fun.
,
はい。,yes.
そう。,yes.
いやあ、なんか何も考えてないから なんかつまらなくないし。,"Well, I'm not really thinking about anything so it's not that boring."
うん。,Yeah.
つまらなくないしなんかああ、まだ これだけこれだけってあまりなりません。,"It's not boring, and it's not like it's just that good yet."
地図を見るとなります。,You will see the map.
だからずっと ぼーっとして何も考えないで歩いてますよ 。,"That's why I just walk around in a daze, not thinking about anything."
うん。,Yeah.
で、気づいたらほら、 これ今新幹線 早いね。,"And before I knew it, the Shinkansen is fast now."
さあ、 ぼーっと歩きます。,"Now, let's just walk around aimlessly."
ここもなんか工場というかなんかね。,This place is also some kind of factory or something.
何これは? いや、 はあ。,"What is this? Uh, huh."
,
いいね。,nice.
大切な時間です。,It's an important time.
ほら、ずっとこんな感じ見て。,"Look, it's always like this."
あれ? ほら、ずっとこんな感じ見て。,"Huh? Look, it's been like this forever."
まっすぐ 何もありません。,Straight there's nothing.
時々車が来ます。,Sometimes a car comes.
車に乗ってる人もどうして人がここを歩い てるんだろうって思ってるかもしれません ね。,People in cars may be wondering why people are walking here.
はあ、もうすぐで夕やけですね。,"Ah, it'll soon be sunset."
はい。,yes.
10kmで高槻に着きますよ。,It takes 10km to get to Takatsuki.
いやあ、もうすぐ見て。,"Well, see you soon."
今はね、本当に,"Right now, really"
あの車がたくさん通る大きい道路に出てき ました。,We came out onto a big road with a lot of cars passing by.
はい。,yes.
ちょっとしばらくこのね、 車がたくさん通る道をまっすぐ進みます。,Go straight on this road with lots of traffic for a while.
はい。,yes.
いやあ、嬉しいね。,"Wow, I'm so happy."
ちょっとゴール が見えたから。,Because I could see the goal a little bit.
うん。,Yeah.
嬉しいですね。,I'm happy.
でも多分あと3時間 ぐらい歩くと思いますね。,But I think we'll probably have about another three hours of walking.
多分2時間、3 時間多分休憩して3時間、3時間半ぐらい は歩かなきゃいけないと思います。,"I think you'll probably have to walk for about two to three hours, with breaks, for about three to three and a half hours."
ああ、 よし、行こう。,"Ah, okay, let's go."
はい。,yes.
え、 すごい大きい道路ですね、今。,"Wow, that's a really big road right now."
の京都、 京都の最後の町 大山崎という町に入りました。,"We arrived in Oyamazaki, the last town in Kyoto."
まだ町の中 じゃないんですけど、こんな感じの,"It's not in the city yet, but it looks like this."
大きい道路の近くを歩いています。,I'm walking near a big road.
今前に は山 があります。,There is a mountain in front of us now.
この近くに大きい、え、高速道路の入り口 があるからはい。,"Yes, there's a big highway entrance nearby."
多分ちょっと道路が 大きいと 思いますね。,I think the road is probably a little big.
はい。,yes.
なんかやっぱり止まると疲れます。,I get tired when I stop.
うん。,Yeah.
ちょっとマッサージしたいな、今日 。,I'd like to get a little massage today.
えっと、そうで、あの、あのGoogle でその街を調べたら皆さん、あの山崎って いうあのウイスキー知ってますか?日本で 有名なブランド。,"Well, if you search for that city on Google, you'll find that everyone knows Yamazaki whiskey, a famous brand in Japan."
日本の有名なブランドの 山崎というウイスキーは、え、この街で 作られてるみたいです。,"Apparently, Yamazaki, a famous Japanese whiskey brand, is made in this city."
で、あの、山崎 ウイス、ウイスキー、サントリー山崎 ウイスキーの、え、ミュージアムがあるん ですよ。,"So, there is a museum dedicated to Yamazaki Whisky, Suntory Yamazaki Whisky."
,
お、新幹線。,"Oh, the Shinkansen."
そうで行きたかったんですけど、ちょっと ね、ミュージアムはいつも早く閉まるから ね、行けません。,"That's right, I wanted to go, but the museum always closes early, so I can't go."
残念で、あとなんか予約 しなきゃいけないみたいです。,"Unfortunately, it looks like I'll have to make some reservations."
そう、そう 。,oh yeah .
でもなんかね、皆さん日本の山崎の ウイスキーが好きな人はたくさんいますよ ね。,"But you know, there are a lot of people who like Yamazaki whiskey in Japan."
あの、私の友達も外国人の友達も 日本に来て山崎のウイスキーを買ってい ました。,"Well, my friends and foreign friends have been buying Yamazaki whiskey when they come to Japan."
だから多分ね、ま、ウイスキーが 好きな人は、ま、有名な有名な美味しい ブランドですよね。,"So, I think, for people who like whiskey, it's probably a famous, well-known, delicious brand."
そう、そう、そう。,"Yes, yes, yes."
はい。,yes.
だから、あの、ま、行きたかったん ですけどね。,"So, well, I wanted to go."
しょうがない。,I can't help it.
時間がありませんでした。,I didn't have time.
でもね、びっくりしました。,"But, I was surprised."
こんな ねち、ま、小さい町 うんので、その山崎が作られていや、行っ てみたかったな。,"It's a small town like this, so I'd love to go there, since Yamazaki was built there."
そのホームページも,The homepage also
ホームページも見ました。,I also looked at the homepage.
めっちゃ綺麗な ホームページですごいですよ。,It's a really beautiful homepage.
だから ウイスキーが好きな人は是非行ってみて ください。,"So if you like whiskey, you should definitely go."
うん。,Yeah.
私はね、ウイスキーを 、私はウイスキーをあまり飲まないんです けど、あの、ハイボール知ってますか? ハイボールは日本のお酒でウイスキーと 炭酸水うん。,"I don't drink much whiskey, but do you know what a highball is? A highball is a Japanese drink made with whiskey and carbonated water."
を混ぜて飲みます。,Mix and drink.
そうだ から、まあ、 薄いウイスキー、飲みやすいウイスキー ですね。,"So, it's a light whiskey, an easy-to-drink whiskey."
だからちょっとウィスキーの フレイバーがある。,So it has a bit of a whiskey flavor.
そうでもウイスキーの ロックはあまり飲みません。,"Even so, I don't drink whiskey on the rocks very often."
うん。,Yeah.
そうで も、ま、好きな人はね、もう本当におすめ です。,"Even so, if you like it, I really recommend it."
是非行ってみてください。,Please go and see it.
はい。,yes.
多分もうすぐで町の 中に行くかな。,Maybe I'll be heading into town soon.
多分,perhaps
その大山崎 で大山崎の後はあの大阪府入りますからね 。,"After Oyamazaki, you enter Osaka Prefecture."
うん。,Yeah.
いやあ、すごいなんか感動しますね。,"Wow, that's really moving."
京都 から歩いて大阪府に入る。,Walk from Kyoto into Osaka Prefecture.
うん。,Yeah.
た、 何も考えないで歩こう。,Let's just walk without thinking about anything.
はい。,yes.
え、暗くなってきましたね。,"Oh, it's getting dark."
もう ちょっと暗いですね。,It's a little darker now.
そう、今ね、ここを 歩いてるんですけど、 歩道がない。,"Yes, I'm walking here right now, and there's no sidewalk."
歩道がありません。,There are no sidewalks.
だから気 をつけなきゃいけませんね。,So you have to be careful.
これしか、これしか、これしか歩道があり ません。,"This is the only, this is the only, this is the only sidewalk."
すごいでしょ。,Isn't that amazing?
だからちょっと怖いですよ 。,So it's a little scary.
大きい車が来た時は怖いです。,I get scared when a big vehicle comes along.
本当に 近くね。,It's really close.
,
すごい色々な色々な道を歩きましたよ。,I walked a lot of different paths.
そう。,yes.
ああ、すごい怖いでしょ。,"Oh, that's so scary."
ああ。,ah.
疲れた。,tired.
疲れた。,tired.
はあ。,Huh.
あとちょっとかな。,Just a little bit more.
あとね、多分2 時間、2時間半ぐらい 行きましょう。,"Also, we'll probably go for about two or two and a half hours."
行きましょう。,Let's go.
いや、皆さん、 大阪府に入りました。,"No, everyone, we have entered Osaka Prefecture."
見て。,Look.
う、怖い、怖い。,"Ugh, scary, scary."
ほら。,See?
ここ から大阪府 島本町 大阪府島本町に今入りましたね。,"From here we have just entered Shimamoto-cho, Osaka Prefecture."
いやあ、大阪に入りました。,"Well, I made it to Osaka."
京都から,From Kyoto
大阪に入りましたよ。,I've arrived in Osaka.
いやあ。,Oh no.
いや、まだでも大阪のすごく端、 端だから、まだまだまだまだ時間がかかり ますけど。,"Well, it's still in the very outskirts of Osaka, so it will still take some time."
よし。,Okay.
嬉しいね。,I'm happy.
大阪だ。,It's Osaka.
歩いて大阪に来ましたよ ね。,You came to Osaka on foot.
ちょっとこの道がちょっとね、車が ありすぎてで早いから 怖いですよね。,This road is a little scary because there are so many cars and they go fast.
そうだからちょっと早く 早くここをもう あの終わりたいんですけどね。,That's why I want to finish this a little quickly.
うん。,Yeah.
よし。,Okay.
大阪です皆さん。,"This is Osaka, everyone."
大阪 最高。,Osaka is the best.
最高。,The best.
では高槻まで行きましょう。,Now let's go to Takatsuki.
いや、もう最後の3時間 が1番つまらない。,"No, the last three hours are the most boring."
なんか,Something
なんか何にもない。,There's nothing there.
ずっとまっすぐ まっすぐ 同じ道を 進んでいるからなんかちょっとちょっと つまらないね。,"It's a little boring because we've been going straight, straight, down the same road."
そう。,yes.
あと地図を見ると、え、まだ たくさんあるって感じちゃいます ね。,"Also, when you look at the map, it feels like there's still a lot more."
もっと瞑想しながら何も考えないで 歩かなきゃいけませんね。,I need to meditate more and walk without thinking about anything.
考えたらダめですよ。,It's no good thinking about it.
うん。,Yeah.
いや、でもこの道はちょっと つまらないな。,"No, but this road is a bit boring."
うん。,Yeah.
なんか京都から最初 の方はめっちゃ なんか川があったり綺麗な街があったり 住宅街があったり工場があったりすごく 景色がなんか30分1時間 1時間に1回ぐらい景色が変わっていた から良かったんですけど,"When I first left Kyoto, there were rivers, beautiful towns, residential areas, factories, and the scenery changed every 30 minutes or so, so it was great."
もう 今2時間ぐらいずっと23時間ずっと同じ 景 だから、 ま、ちょっとつまんない、つまらないです よね。,"It's been the same scene for about two hours now, 23 hours straight, so it's a bit boring, isn't it?"
はい。,yes.
あともう足が結構 痛くなってきて、 あ、 多分コンクリートの上をずっと歩いてる から多分 だとだと思いますけど。,"Also, my feet were starting to hurt quite a bit, and I think it was probably because I'd been walking on concrete for so long."
そう。,yes.
あとバックパックがその あの特別なバックパックじゃなくて普通の バックパックだから めっちゃめめっちゃ腰が痛い。,"Also, the backpack I'm using is not that special one but just a regular one, so my back hurts a lot."
ちょ、明日が怖いね。,"Hey, I'm scared of tomorrow."
明日が明日がどれ だけどのぐらい筋肉痛があるかが怖いです よ。,I'm scared of how much muscle pain I'll have tomorrow.
うん。,Yeah.
ま、でももう歩くしかありませ んからね。,"Well, there's no other option but to walk."
,
ああ。,ah.
わ、あと1時間半か。,"Wow, only an hour and a half left."
うん。,Yeah.
でもね、大阪に入ってあと今日は高槻で 泊まろうと思うので、まあ高槻に着いて から ホテルがあったらホテルを探して泊まり たいと思います。,"However, after I get to Osaka, I plan to stay in Takatsuki tonight, so if there is a hotel available when I get there, I'll look for one and stay there."
さあ、頑張ろう。,"Now, let's do our best."
最後。,last.
おお。,oh.
ああ。,ah.
はい。,yes.
え、めっちゃ暗いですね。,"Oh, it's really dark."
私はまだサングラスをかけています。,I still wear sunglasses.
そう 、足がね、 めっちゃ痛くて はい。,"Yes, my legs hurt a lot."
どうしてか そうめっちゃ痛いからあまり早く 歩けません。,"For some reason, it hurts so much that I can't walk very fast."
でもええ 、高槻、,"But yeah, Takatsuki,"
高槻駅まで あと45分ぐらい だから はい。,"It's about 45 minutes to Takatsuki Station, so yes."
ま、頑張れますよ。,"Well, I'll do my best."
めっちゃ座りたいね。,I really want to sit down.
座りたいけど 山だったらね、座れるけど。,"I want to sit down, but if it's a mountain, I can sit down."
そう。,yes.
あの、 カフェとかに入らないと 座る場所がないから。,"Well, there's no place to sit unless you go into a cafe or something."
そう、それがちょっと ああ、大変ですね。,"Yeah, that's a bit... Oh, that's difficult."
ああ、 ちょっとまあ、マッサージとかしたいな。,"Ah, I'd like to get a massage or something."
後で薬局に行ってなんかなんか薬局に その 足が疲れてる時とか足が痛い時に 貼れるものがあるからそこで うん。,"Later I went to the pharmacy and they had something that you can stick on when your feet are tired or sore, so I bought that."
,
買いたいね。,I want to buy it.
なんか始めた時はすごく1時間がめっちゃ 早かったけど、最後の 今日最後の1時間がめっちゃ 大変です。,"When I first started, the first hour went by really quickly, but the last hour today is really tough."
ああ、 なんか山を 登る時とちょっとちょっと違いますよね。,"Ah, it's a little different from climbing a mountain."
最近くさん本当に歩いてないから分からないけど、なんかクリートを歩くと違うのかな?硬い コンクリート歩いてるからなんか足首とかが痛いですね。,"I haven't really walked much recently so I don't know, but I wonder if it's different when walking in cleats? My ankles hurt because I've been walking on hard concrete."
そう。,yes.
ああ、,"ah,"
ま、ゆっくりゆっくり行きまっすよ。,"Well, let's go slowly."
ああ、 本当に暗くなってしまいましたね。,"Oh, it's really gotten dark."
ま、でも、ま、思っていた 通りですよ。,"But, well, it's just as I thought."
大変、 大変だけど。,"It's really, really hard."
自分で決めたからね。,I made the decision myself.
しなきゃいけません。,I have to.
全然意味はないけどね。,It doesn't make any sense though.
全然意味はないけど。,It doesn't make any sense though.
はあ。,Huh.
大変だ。,This is a problem.
なんかね。,Something like that.
うん。,Yeah.
いつも結構よく 食べるんですけど、あ、今日あまりお腹が 空かないんですよね。,"I usually eat quite a lot, but I'm not really hungry today."
昼にめっちゃ美味しいカレーうどん を食べたんですけど、 なんかあの時もお腹が空いていなかった けど、,"I had some really delicious curry udon for lunch, but I wasn't really hungry at the time."
なんかもう3時だし食べた方がいいかなと 思って食べましたよ。,"It was already 3 o'clock so I thought I might as well eat something, so I did."
朝ご飯だけだね。,Just breakfast.
歩き始めて どのぐらい?歩き始めて、えー、15分 ぐらい、10分ぐらい で食べた時、朝ご飯を食べた時が多分1番 お腹が空いてました。,"How long had I been walking? About 15 minutes, maybe 10 minutes into walking, I ate breakfast, and I was probably the hungriest I'd ever been."
でも歩き始めてから 全然お腹が お腹が空きませんよ。,"But since I started walking, I haven't felt hungry at all."
今ももう夜なんです けど。,It's already night now though.
うん。,Yeah.
全然、ま、全然お腹が空いてませんね。,"Not at all, well, I'm not hungry at all."
多分レストランに入ったらお腹が空くのか な。,Maybe if I go to a restaurant I'll get hungry.
多分 ちょっと今ね、高槻の近くに住んでいる 友達に連絡をして、今から一緒に ご飯を食べますけど。,I'm probably just calling a friend who lives near Takatsuki and we're going to have dinner together now.
はい。,yes.
,
いやあ、 大変。,"Wow, this is tough."
大変何も考えないのがいいんだけどね。,It's best not to think too hard about it.
見 ちゃうからね。,I can't help but look.
さっきなんかあと1時間の時にずっと見 ないで何も考えないで歩こうとしてよし。,"Just now, when there was only an hour left, I decided to walk without looking or thinking about anything."
多分今もうあと20分ぐらいかなと思って 見たら45分でめっちゃショックでした。,"I thought there were probably about 20 minutes left, but when I looked it was already 45 minutes and I was really shocked."
やっぱ最後が大変かな。,I guess the last part is the hardest.
明日も同じぐらい 歩かなきゃいけない。,I have to walk the same distance tomorrow.
もっと歩かなきゃ いけません。,I need to walk more.
明日。,tomorrow.
はい。,yes.
明日頑張らなきゃいけませんね、本当に。,I really have to work hard tomorrow.
さあ、あとちょっと頑張ろう。,"Now, let's try a little harder."
痛い。,it hurts.
はい、皆さん高槻着きましたよ。,"Yes, everyone, we have arrived in Takatsuki."
めっちゃ 大変だったけど。,It was really hard though.
やばい。,terrible.
達成感がなんかあのついたから足,I feel a sense of accomplishment.
を足が痛いのを忘れますね。,You'll forget that your feet hurt.
いや、嬉しい な。,"No, I'm happy."
ああ、 嬉しい。,"Ah, I'm so happy."
あの、 決めたことができたから嬉しいです。,"Well, I'm glad I was able to make a decision."
はい 。,yes .
いやあ、大変だった。,"Wow, that was tough."
そう。,yes.
あの、今ね、歩きながら、あの、駅の前のホテルを取りました。,"Um, I was walking right now and booked a hotel in front of the station."
うん。,Yeah.
良かった。,it was good.
よかった。,good.
そうで、今からね、友達と会ってはい。,"So, I'm going to meet up with my friends now."
居酒屋に行きます。,I'm going to an izakaya.
今日のビールは美味しいですよ。,Today's beer is delicious.
絶対ね。,Absolutely.
頑張った後の美味しいですよね。,It's delicious after working hard.
はい。,yes.
あ、楽しみ。,"Oh, I'm looking forward to it."
ビールもご飯も楽しみ。,I'm looking forward to the beer and food.
なんかちょっと 安心してお腹が空いてきましたね。,I feel a bit relieved and hungry now.
はい。,yes.
さあ食べます。,Now let's eat.
飲みます でたくさん寝ます。,I drink and sleep a lot.
たくさん休みます。,I take lots of rest.
ああ、もう駅の近くですよ。,"Ah, we're near the station now."
あとね、あと,"And then,"
2分で着きますから。,I'll be there in two minutes.
そう。,yes.
今からね、 ほら見て。,"Now, look."
ここが高槻の商店街まで来まし たよ。,This is Takatsuki's shopping district.
ほら、ちょっと大阪っぽいでしょ。,"See, it's a bit like Osaka."
なんかちょっと京都と違うね。,It's a little different from Kyoto.
すごい。,amazing.
よし、楽しみ。,"Okay, looking forward to it."
じゃあ、今から居酒屋で 居酒屋で食べて飲んでホテルに帰ってお 風呂に入って 寝ます。,"Well, I'm going to eat and drink at an izakaya, then go back to the hotel, take a bath, and go to bed."
はい。,yes.
じゃ、行きましょうか。,"Well, let's go."
どうも。,Thank you.
ああ、疲れた。,"Ah, I'm tired."
予約してくれてありがとうございます。,Thank you for making a reservation.
あ、疲れた。,"Oh, I'm tired."
いや、 何を持って歩こうと思っ? いや、理由はないです。,"No, what are you thinking of carrying with you? No, there's no reason."
[笑い] なるほど。,[Laughter] I see.
はい。,yes.
友達のアルファジャパニーズに お疲れ様です。,Thanks to my friend Alpha Japanese for the good work.
来てもらいました。,I had them come.
乾杯。,cheers.
乾杯。,cheers.
俺だけ,Only me
美いしい。,Beautiful.
いやあ、やばい。,"Wow, that's bad."
めっちゃ美味しい。,It's really delicious.
めっちゃ美味しい。,It's really delicious.
[笑い] 涙が出る。,[Laughs] It brings tears to my eyes.
涙が出るね。,It brings tears to my eyes.
ちょっと 楽しみます。,I'll have a little fun.
もうYouTube 切りますから。,I'm going to turn off YouTube now.
これはね、楽しみます。,I'm going to enjoy this.
またホテルで。,See you at the hotel.
いや、最高のビールを飲むことができました。,"No, I had the best beer ever."
リアルフさん、ありがとうございます。,"Thank you, Realf."
はい、 こちら。,"Yes, this one."
ありがとうござ、 また会いましょう。,"Thank you, see you again."
しさん、頑張って。,"Good luck, Shi-san."
ありがとうございます。,thank you.
明日も頑張って歩きます。,I will try my best to walk tomorrow too.
[笑い] ありがとうございます。,[Laughter] Thank you.
ありがとうござい。,Thank you.
じゃ、おやみなさい。,"Well, good night."
またね。,see you.
またね。,see you.
じゃあ、また、また会いましょう。,"Well, see you again soon."
ありがとうございました。,thank you very much.
ありがとうございます。,thank you.
いやあ、良かった。,"Well, that's good."
楽しかった。,it was fun.
ちょっと居酒屋から立ってもう足、お尻めっちゃ痛い。,I just stood up from the izakaya and my legs and butt are already really sore.
さあ、今からすごいね、 賑やかな場所ですね。,"Wow, it's amazing, it's a lively place."
,
今からホテルに行きます。,I'm going to the hotel now.
で、行きましょう。,"So, let's go."
いや、この駅の近くのホテルで良かったですよ。,"No, it was good to stay at a hotel near the station."
は、 今日は歩かなくてもいいです。,You don't have to walk today.
すごい怪我したみたい。,It looks like he was badly injured.
足が変わらない気持ち すごいね。,The feeling of your legs not changing is amazing.
明日がちょっと怖いけど。,I'm a little scared of tomorrow though.
今日はゆっくり休みます。,I'm going to take it easy today.
じゃ、今からチェックにします。,"Well, I'll check it now."
顔をげていこう。,Let's get our faces together.